Bureau of Justice Statistics,,,,,,,,,,,,,,,,,,,,,
Filename: cb05at03.csv,,,,,,,,,,,,,,,,,,,,,
"Appendix table 3. Use of computers and prevalence of computer security incidents, by risk level and industry, 2005",,,,,,,,,,,,,,,,,,,,,
"Report Title: Cybercrime against Businesses, 2005  NCJ 221943",,,,,,,,,,,,,,,,,,,,,
"Data Source: National Computer Security Survey, 2005",,,,,,,,,,,,,,,,,,,,,
Author: Ramona R. Rantala,,,,,,,,,,,,,,,,,,,,,
Refer questions to: askbjs@usdoj.gov or (202) 307-0765,,,,,,,,,,,,,,,,,,,,,
Date of version: 9/17/08,,,,,,,,,,,,,,,,,,,,,

"Appendix table 3. Use of computers and prevalence of computer security incidents, by risk level and industry, 2005",,,,,,,,,,,,,,,,,,,,,

,,Respondents,,,All incidents,,,Cyber attack,,,Cyber theft,,,Other,,,,,,,Number of 
Risk level and industry,,Number of businesses,Percent with computers,,Number of businesses,Percent detecting incident,,Number of businesses,Percent detecting incident,,Number of businesses,Percent detecting incident,,Number of businesses,Percent detecting incident,,,,,,
,All businesses,"8,079",97,%,"7,636",67,%,"7,626",58,%,"7,561",11,%,"7,492",24,%,,,,,
Critical Infrastructure,,"2,719",98,%,"2,610",67,%,"2,605",58,%,"2,580",14,%,"2,557",25,%,,,,,
,Agriculture,175,82,,142,51,,141,40,,142,6,,142,17,,,,,,
,Chemical and drug manufacturing,201,98,,192,73,,192,66,,190,12,,188,27,
,Computer system design,170,100,,167,79,,167,72,,165,15,,165,25,
,Finance,323,100,,317,67,,317,49,,316,33,,311,25,
,Health care,423,100,,410,67,,409,59,,404,11,,400,24,
,Internet service providers,135,100,,132,66,,132,60,,132,21,,131,24,
,Petroleum mining and manufacturing,126,98,,124,56,,122,52,,123,7,,123,26,
,Publications and broadcasting,218,100,,212,71,,212,65,,206,14,,205,25,
,Real estate,175,97,,167,65,,167,56,,164,9,,163,25,
,Telecommunications,134,100,,130,82,,130,74,,127,17,,126,32,
,Transportation/pipelines,303,98,,294,64,,294,54,,291,10,,287,22,
,Utilities,336,98,,323,64,,322,53,,320,8,,316,26,
High,,"1,737",97,%,"1,656",71,%,"1,655",62,%,"1,639",12,%,"1,622",28,%
,"Manufacturing, durable goods",503,97,,479,75,,479,68,,473,15,,469,32,
,"Manufacturing, non-durable goods",327,99,,319,72,,319,61,,317,9,,314,28,
,Motion picture and sound recording,88,99,,84,67,,84,63,,84,13,,81,19,
,Retail,316,94,,293,67,,293,58,,289,12,,288,24,
,Scientific research and development,219,99,,210,70,,210,61,,206,8,,204,26,,,,,,,,,,,,,,,,,,,,
,Wholesale,284,98,,271,67,,270,59,,270,13,,266,27,,,,,,,,,,,,,,,,,,,,
Moderate,,"1,184",99,%,"1,140",67,%,"1,140",57,%,"1,127",9,%,"1,116",24,%,,,,,,,,,,,,,,,,,,,
,Accounting,176,100,,173,55,,173,47,,170,6,,168,18,,,,,,,,,,,,,,,,,,,,
,Advertising,154,99,,149,67,,149,56,,148,10,,148,26,,,,,,,,,,,,,,,,,,,,
,Architecture and engineering,214,97,,204,70,,204,60,,201,7,,200,31,,,,,,,,,,,,,,,,,,,,
,Business and technical schools,190,95,,177,72,,177,64,,173,8,,171,18,,,,,,,,,,,,,,,,,,,,
,Insurance,269,100,,263,69,,263,57,,262,15,,258,25,,,,,,,,,,,,,,,,,,,,
,Legal services,181,99,,174,69,,174,55,,173,6,,171,27,,,,,,,,,,,,,,,,,,,,
Low,,"2,439",94,%,"2,230",63,%,"2,226",55,%,"2,215",8,%,"2,197",20,%,,,,,,,,,,,,,,,,,,,
,Accommodations,143,96,,134,60,,134,56,,133,14,,133,16,,,,,,,,,,,,,,,,,,,,%
,Administrative support,255,98,,239,65,,239,55,,238,11,,234,25,,,,,,,,,,,,,,,,,,,,
,Arts and entertainment,198,96,,181,62,,181,54,,179,9,,176,18,,,,,,,,,,,,,,,,,,,,
,Construction,241,97,,223,70,,223,61,,223,7,,222,23,,,,,,,,,,,,,,,,,,,,
,Food services,212,88,,186,54,,185,48,,184,9,,183,15,,,,,,,,,,,,,,,,,,,,
,"Forestry, fishing, and hunting",152,88,,131,44,,131,40,,129,3,,128,16,,,,,,,,,,,,,,,,,,,,
,Management of companies,190,93,,150,59,,150,51,,150,12,,150,19
,Mining,272,94,,170,65,,169,58,,168,7,,167,20
,Other services,159,97,,249,68,,249,59,,248,8,,245,22
,Rental services,317,96,,151,64,,150,59,,150,7,,148,18
,Social services,132,92,,299,66,,298,57,,296,5,,294,24
,Warehousing,168,90,,117,60,,117,53,,117,4,,117,16
Note: Incident detail may sum to more than 100% because businesses could detect multiple types of incidents. Incident percentages are based on businesses with computers responding to questions on incidents.,,,,,,,,,,,,,,,
