Bureau of Justice Statistics,,,,,,,,,
Filename: cb05t12.csv,,,,,,,,,
"Table 12. Reasons businesses did not report incidents to law enforcement authorities, by type of incident, 2005",,,,,,,,,
"Report Title: Cybercrime against Businesses, 2005  NCJ 221943",,,,,,,,,
"Data Source: National Computer Security Survey, 2005",,,,,,,,,
Author: Ramona R. Rantala,,,,,,,,,
Refer questions to: askbjs@usdoj.gov or (202) 307-0765,,,,,,,,,
Date of version: 9/17/08,,,,,,,,,

"Table 12. Reasons businesses did not report incidents to law enforcement authorities, by type of incident, 2005",,,,,,,,,

,,Type of incident,,,,,,,
Reason for not reporting,,All,,Cyber attack,,Cyber theft,,Other,
Reported elsewhere,,86,%,87,%,78,%,77,%
,Within business,83,,84,,72,,75,
,To another organization,16,,15,,14,,8,
Nothing to be gained,,50,,47,,28,,55
Did not think to report,,22,,22,,4,,17
Did not know who to contact,,11,,11,,3,,9
Outside jurisdiction of law enforcement,,7,,6,,10,,7
Negative publicity or decreased confidence,,3,,2,,8,,1
Other reason,,11,,9,,18,,9

Number of businesses,,"2,606",,"2,285",,272,,874
Note: Number of businesses may sum to more than total because respondents could detect more than one type of incident. Detail may sum to more than 100% because respondents could provide more than one reason.,,,,,,,,
