Bureau of Justice Statistics,,,,,,,
Filename: cb05t16.csv,,,,,,,
"Table 16. Detection of cyber attacks, by whether security was in-house or outsourced, 2005",,,,,,,
"Report Title: Cybercrime against Businesses, 2005  NCJ 221943",,,,,,,
"Data Source: National Computer Security Survey, 2005",,,,,,,
Author: Ramona R. Rantala,,,,,,,
Refer questions to: askbjs@usdoj.gov or (202) 307-0765,,,,,,,
Date of version: 9/17/08,,,,,,,

"Table 16. Detection of cyber attacks, by whether security was in-house or outsourced, 2005",,,,,,,

,,In-house security,,,Outsourced security/a,,
Type of security practice,,Number of businesses,Percent detecting cyber attack,,Number of businesses,Percent detecting cyber attack,
,Total,"3,194",55,%,"3,416",64,%
Physical security,,"1,482",60,,331,73,
Equipment decommissioning,,876,63,,397,70,
Other/b,,141,34,,232,69
Personnel policy,,"1,305",60,,337,68
Network watch center,,369,71,,654,68
Periodic audits,,961,62,,834,67
Vulnerability/risk assessment,,733,62,,962,67
Intrusion testing,,552,63,,"1,249",66
Identification of critical assets,,"1,109",62,,195,65
Formal audit standards,,316,64,,310,65
Disaster recovery plan,,"1,971",59,,894,64
Corporate security policy,,"1,733",61,,189,63
Regular review of systems/logs,,"1,190",59,,497,62
Configuration management,,843,64,,606,62
Employee training,,"1,056",59,,298,62
Business continuity plan,,"1,200",60,,458,60
Note: Number of businesses may sum to more than total and detail may sum to more than 100% because respondents could provide more than one type of security practice. ,,,,,,
a/Security practices may have been partially or completely outsourced.,,,,,,
"b/Includes limiting system access, practices designed to comply with the Sarbanes-Oxley Act of 2002, and automatic patch management.  "
