Bureau of Justice Statistics,,,,,,
Filename: cb05t02.csv,,,,,,
"Table 2. Universe, sample, and response, by business size and selected industries, 2005",,,,,,
"Report Title: Cybercrime against Businesses, 2005  NCJ 221943",,,,,,
"Data Source: National Computer Security Survey, 2005",,,,,,
Author: Ramona R. Rantala,,,,,,
Refer questions to: askbjs@usdoj.gov or (202) 307-0765,,,,,,
Date of version: 9/17/08,,,,,,

"Table 2. Universe, sample, and response, by business size and selected industries, 2005",,,,,,

,,Number of businesses,,,Response ,
Characteristics,,Universe,Sample,Response,rate,
,All businesses,"7,278,109","35,596","8,079",23,%
Number of employees,,,,,,
, 2 - 24 ,"6,771,026","11,479","2,056",18,%
,25 - 99,"396,355","5,601","1,236",22,
,100 - 999,"98,585","11,472","2,894",25,
,"1,000 or more","12,143","7,044","1,893",27,
Risk level/a,,,,,,
,Critical Infrastructure,"1,680,606","11,694","2,719",23,%
,High,"2,074,041","7,564","1,737",23,
,Moderate,"774,494","5,294","1,184",22,
,Low,"2,748,969","11,044","2,439",22,
Industries with highest response rate/b,,,,,,
,Utilities,"11,850",906,336,37,%
,Social services,"180,376",967,317,33,
,Health care,"577,499","1,444",423,29,
,"Manufacturing, durable goods","275,319","1,859",503,27,
Industries with lowest response rate/b,,,,,,
,Internet service providers,"23,874",776,135,17,%
,Telecommunications,"26,547",821,134,16,
,Accommodations,"60,944","1,006",143,14
,Motion pictures and sound recording,"31,902",642,88,14
"a/Risk level is based on Department of Homeland Security classifications and industry�s risk of incidents, monetary loss, or downtime.",,,,,
b/See appendix table 2 for all industries.,,,,,
