Bureau of Justice Statistics,,,,,
Filename: cb05t03.csv,,,,,
"Table 3. Prevalence of computer security incidents among businesses, by type of incident, 2005",,,,,
"Report Title: Cybercrime against Businesses, 2005  NCJ 221943",,,,,
"Data Source: National Computer Security Survey, 2005",,,,,
Author: Ramona R. Rantala,,,,,
Refer questions to: askbjs@usdoj.gov or (202) 307-0765,,,,,
Date of version: 9/17/08,,,,,

"Table 3. Prevalence of computer security incidents among businesses, by type of incident, 2005",,,,,

,,,Businesses detecting incidents,,
Type of incident,,All businesses*,Number ,Percent ,
,All incidents,"7,636","5,081",67,%
Cyber attack,,"7,626","4,398",58,%
,Computer virus,"7,538","3,937",52,
,Denial of service,"7,517","1,215",16,
,Vandalism or sabotage,"7,500",350,5,
Cyber theft,,"7,561",839,11,%
,Embezzlement,"7,492",251,3,
,Fraud,"7,488",364,5,
,Theft of intellectual property,"7,492",227,3,
,Theft of personal or financial data,"7,476",249,3,
Other computer security incidents,,"7,492","1,792",24,%
"Note: Number of businesses and detail may sum to more than total because respondents could answer questions about more than one type of incident. See appendix table 3 for prevalence, by industry.",,,,,
*Based on businesses that indicated whether they detected an incident.,,,,,
