Bureau of Justice Statistics,,,,,,,,
Filename: cb05at05.csv,,,,,,,,
"Appendix table 5. Monetary loss incurred from computer security incidents, by risk level and industry, 2005",,,,,,,,
"Report Title: Cybercrime against Businesses, 2005  NCJ 221943",,,,,,,,
"Data Source: National Computer Security Survey, 2005",,,,,,,,
Author: Ramona R. Rantala,,,,,,,,
Refer questions to: askbjs@usdoj.gov or (202) 307-0765,,,,,,,,
Date of version: 9/17/08,,,,,,,,

"Appendix table 5. Monetary loss incurred from computer security incidents, by risk level and industry, 2005",,,,,,,,

,,,Percent of businesses with monetary loss,,,,,
Risk level and industry,,Number of businesses,Total,,No loss,$1-$9 thou.,$10-$99 thou.,$100 thou. or more
,All businesses,"3,591",100,%,10,51,27,13
Critical Infrastructure,,"1,248",100,%,8,49,29,14
,Agriculture,48,100,%,10,71,15,4
,Chemical and drug manufacturing,83,100,%,10,46,27,18
,Computer system design,99,100,%,2,51,34,13
,Finance,153,100,%,7,35,29,29
,Health care,199,100,%,9,49,28,14
,Internet service providers,72,100,%,8,44,28,19
,Petroleum mining and manufacturing,52,100,%,12,50,27,12
,Publications and broadcasting,104,100,%,9,51,27,13
,Real estate,81,100,%,6,57,31,6
,Telecommunications,82,100,%,9,41,38,12
,Transportation/pipelines,142,100,%,9,52,27,11
,Utilities,133,100,%,11,56,27,7
High,,855,100,%,9,46,29,16
,"Manufacturing, durable goods",274,100,%,9,36,34,21
,"Manufacturing, non-durable goods",159,100,%,11,50,28,11
,Motion picture and sound recording,42,100,%,12,55,21,12
,Retail,141,100,%,6,51,25,18
,Scientific research and development,101,100,%,7,55,26,12
,Wholesale,138,100,%,8,49,27,17
Moderate,,521,100,%,9,55,25,12
,Accounting,62,100,%,10,58,19,13
,Advertising,66,100,%,12,50,26,12
,Architecture and engineering,104,100,%,10,52,28,11
,Business and technical schools,82,100,%,12,67,16,5
,Insurance,122,100,%,4,44,32,20
,Legal services,85,100,%,9,61,22,7
Low,,967,100,%,12,56,23,8
,Accommodations,54,100,%,7,48,33,11
,Administrative support,106,100,%,12,48,26,13
,Arts and entertainment,70,100,%,19,60,11,10
,Construction,106,100,%,8,59,25,8
,Food services,71,100,%,13,59,17,11
,"Forestry, fishing, and hunting",38,100,%,13,68,11,8
,Management of companies,66,100,%,18,41,33,8
,Mining,72,100,%,15,33,40,11
,Other services,114,100,%,14,60,19,7
,Rental services,71,100,%,10,61,27,3
,Social services,151,100,%,12,64,21,3
,Warehousing,48,100,%,4,75,15,6
Note: Detail may not sum to 100% due to rounding.,,,,,,,,
