Bureau of Justice Statistics,,,,,,,,,,,,,,,,,,,,,,
Filename: cb05t01.csv,,,,,,,,,,,,,,,,,,,,,,
"Table 1. Prevalence of computer security incidents, types of offenders, and reporting to law enforcement, 2005",,,,,,,,,,,,,,,,,,,,,,
"Report Title: Cybercrime against Businesses, 2005  NCJ 221943",,,,,,,,,,,,,,,,,,,,,,
"Data Source: National Computer Security Survey, 2005",,,,,,,,,,,,,,,,,,,,,,
Author: Ramona R. Rantala,,,,,,,,,,,,,,,,,,,,,,
Refer questions to: askbjs@usdoj.gov or (202) 307-0765,,,,,,,,,,,,,,,,,,,,,,
Date of version: 9/17/08,,,,,,,,,,,,,,,,,,,,,,

"Table 1. Prevalence of computer security incidents, types of offenders, and reporting to law enforcement, 2005",,,,,,,,,,,,,,,,,,,,,,

,,,Percent of businesses by type of incident,,,,,,,,,,,,,,,,,,,
Characteristic,,,All incidents,,Cyber attack,,Cyber theft,,Other,,,,,,,,,,,,,
,All businesses responding,,67,%,58,%,11,%,24,%,,,,,,,,,,,,%
Number of employees,,,,,,,,,,,,,,,,,,,,,,
,  2 - 24,,50,%,44,%,8,%,15,%,,,,,,,,,,,,%
,25 - 99,,59,,51,,7,,17,,,,,,,,,,,,,
,100 - 999,,70,,60,,9,,24,,,,,,,,,,,,,
,"1,000 or more",,82,,72,,20,,36,,,,,,,,,,,,,
Industries with the highest prevalence of cybercrime/a,,,,,,,,,,,,,,,,,,,,,,
,Telecommunications,,82,%,74,%,17,%,32,%,,,,,,,,,,,,
,Computer system design,,79,,72,,15,,25,,,,,,,,,,,,,
,"Manufacturing, durable goods",,75,,68,,15,,32,,,,,,,,,,,,,%
Suspected offender was an�/b,,,,,,,,,,,,,,,,,,,,,,
,Insider,,40,%,27,%,74,%,30,%,,,,,,,,,,,,
,Outsider,,71,,74,,32,,72,,,,,,,,,,,,,
Incidents were reported�/c,,,,,,,,,,,,,,,,,,,,,,
,Within the business,,80,%,81,%,46,%,69,%,,,,,,,,,,,,
,To another organization,,15,,14,,9,,7,,,,,,,,,,,,,%
,To law enforcement authorities,,15,,6,,56,,12,,,,,,,,,,,,,
"Note: A total of 7,818 businesses responded to the National Computer Security Survey. Detail may sum to more than 100% because businesses could detect multiple types of incidents. ",,,,,,,,,,,,,,,,,,,,,,
a/See appendix table 3 for all industries.,,,,,,,,,,,,,,,,,,,,,,%
b/Percentages are based on businesses that detected an incident and provided information on suspected offenders. 
c/Percentages are based on businesses that detected an incident and provided information on reporting incidents to authorities. 
