Bureau of Justice Statistics,,,,,,,,,,,,,,,
Filename: cb05at01.csv,,,,,,,,,,,,,,,
"Appendix table 1. North American Industrial Classification Sytem (NAICS) codes used in sample design, 2005",,,,,,,,,,,,,,,
"Report Title: Cybercrime against Businesses, 2005  NCJ 221943",,,,,,,,,,,,,,,
"Data Source: National Computer Security Survey, 2005",,,,,,,,,,,,,,,
Author: Ramona R. Rantala,,,,,,,,,,,,,,,
Refer questions to: askbjs@usdoj.gov or (202) 307-0765,,,,,,,,,,,,,,,
Date of version: 9/17/08,,,,,,,,,,,,,,,

"Appendix table 1. North American Industrial Classification System (NAICS) codes used in sample design, 2005",,,,,,,,,,,,,,,

,,NAICS code*,,,,,,,,,,,,,
Risk level and industry,,Sector,Sub-sector or Industry group,Description,,,,,,,,,,,
Critical Infrastructure,,,,,,,,,,,,,,,
,Agriculture,11,111,"Crop production (farms, orchards, groves, nurseries)",,,,,,,,,,,
,,,112,"Animal production (ranches, farms, feedlots)",,,,,,,,,,, 
,Chemical and drug manufacturing,32,325,"Basic chemicals, resins and plastics, agricultural chemicals, pharmaceuticals and medicines, paint and adhesives, cleaning compounds, explosives, other chemicals",,,,,,,,,,,
,Computer system design,54,5415,"Computer system design, custom programming, facilities management, and other related computer services",,,,,,,,,,, 
,Finance,52,521,Central banks,,,,,,,,,,,
,,,522,"Commercial banks, savings and credit institutions, credit cards, loan brokers",,,,,,,,,,,
,,,523,"Securities, commodity contracts, other financial investments, and related activities",,,,,,,,,,,
,Health Care,62,621,"Ambulatory health care services (physicians, dentists, other health care, outpatient care, substance abuse, diagnostic laboratories, and home health care)",,,,,,,,,,,
,,,622,"Hospitals (medical, surgical, psychiatric, substance abuse, other specialty treatment hospitals)",,,,,,,,,,, 
,,,623,"Residential nursing, mental health, substance abuse, elderly, and retirement care facilities",,,,,,,,,,,
,Internet service providers,51,518,"Internet service providers, web search portals, data processing and related services",,,,,,,,,,,
,Petroleum mining and manufacturing,21,211,Oil and gas extraction,,,,,,,,,,,
,,32,32411,Petroleum refineries,,,,,,,,,,,
,Publications and broadcasting,51,511,Publishing (except Internet),,,,,,,,,,,
,,,515,Broadcasting (except Internet),,,,,,,,,,,
,,,516,Internet publishing and broadcasting,,,,,,,,,,,
,,,519,"Other information services including news syndicates, libraries and archives",,,,,,,,,,, 
,Real estate,53,531,"Lessors, agents and brokers, and related activities",,,,,,,,,,,
,Telecommunications,51,517,"Wired and wireless carriers and resellers, satellite telecommunications, cable and other program distributors, other telecommunications",,,,,,,,,,,
,Transportation/pipelines,48,,"Air, rail, water, trucking, transit and ground passenger transportation, pipelines, sight-seeing, support activities",,,,,,,,,,,
,,49,492,Couriers and messengers,,,,,,,,,,, 
,Utilities,22,,"Electric power generation, transmission, and distribution; natural gas distribution; water, sewage, and other systems",,,,,,,,,,, 
High,,,,,,,,,,,,,,,
,"Manufacturing, durable goods",32,321,"Wood products (lumber, plywood, mill work)",,,,,,,,,,,
,,,327,"Non-metallic mineral products (clay, glass, cement)",,,,,,,,,,,
,,33,331,"Primary metals (foundries, smelting, refining, rolling, drawing, extruding, and alloying)",,,,,,,,,,,
,,,332,Fabricated metal products,,,,,,,,,,,
,,,333,Machinery,,,,,,,,,,, 
,,,334,Computers and electronics,,,,,,,,,,, 
,,,335,"Electrical equipment, appliances, and components",,,,,,,,,,, 
,,,336,"Transportation equipment (motor vehicles, aircraft, railroad rolling stock, ships and boats)",,,,,,,,,,, 
,,,337,"Furniture, cabinets, and fixtures",,,,,,,,,,, 
,,,338,"Miscellaneous products such as medical equipment, jewelry, sporting goods, and toys",,,,,,,,,,, 
,"Manufacturing, non-durable goods",31,,"Food products, beverage, and tobacco products, textiles, apparel, leather and leather products",,,,,,,,,,, 
,,32,322,Paper,,,,,,,,,,, 
,,,323,Printing and support activities,,,,,,,,,,, 
,,,32412,Asphalt,,,,,,,,,,, 
,,,32419,Other non-fuel petroleum products and coal products,,,,,,,,,,, 
,,,326,Plastics and rubber products,,,,,,,,,,, 
,Motion picture and sound recording,51,512,"Motion picture, video, and sound recording production, distribution, and related activities",,,,,,,,,,, 
,Retail,44,,"Motor vehicles and parts, furniture and home furnishings, electronics and appliances, building materials, garden equipment and supplies, food and beverages, health and personal care, gasoline stations, clothing and accessories",,,,,,,,,,, 
,,45,,"Sporting goods, hobby, books and music; general merchandise; miscellaneous stores such as florists and office supplies; non-store retailers including online retailers, mail-order, vending machines and direct selling establishments",,,,,,,,,,, 
,Scientific research and development,54,5416,"Management, scientific, and technical consulting services",,,,,,,,,,, 
,,,5417,"Research and development in the physical, engineering, life, and social sciences",,,,,,,,,,, 
,Wholesale,42,,"Merchant wholesalers, durable goods; merchant wholesalers, non-durable goods",,,,,,,,,,, 
Moderate,,,,,,,,,,,,,,, 
,Accounting,54,5412,"Accounting, tax preparation, bookkeeping, and payroll services",,,,,,,,,,, 
,Advertising,54,5418,"Advertising, public relations, media representatives, display, direct mail, distribution",,,,,,,,,,, 
,,,5419,Other professional and scientific services such as market research,,,,,,,,,,, 
,Architecture and engineering,54,5413,Architectural and engineering services,,,,,,,,,,, 
,,,5414,"Specialized design services such as interior, industrial, and graphic design",,,,,,,,,,, 
,Business and technical schools,61,6114,Business schools and computer and management training,,,,,,,,,,, 
,,,6115,Technical and trade schools,,,,,,,,,,, 
,,,6116,"Other schools and instruction including fine arts, sports, language, and driving",,,,,,,,,,, 
,,,6117,Educational support services,,,,,,,,,,, 
,Insurance,52,524,Insurance carriers and related activities,,,,,,,,,,, 
,,,525,"Funds, trusts, and other financial vehicles",,,,,,,,,,, 
,Legal services,54,5411,"Lawyers, notaries, title abstract and settlement, other legal services",,,,,,,,,,, 
Low,,,,,,,,,,,,,,, 
,Accommodations,72,721,"Traveler accommodation, recreational parks, campgrounds, and vacation camps, rooming and boarding houses",,,,,,,,,,, 
,Administrative support,56,,"Administrative and support services, waste management and remediation services",,,,,,,,,,, 
,Arts and entertainment,71,,"Performing arts, spectator sports, and related industries; museums, historical sites, and similar institutions; amusement, gambling, and recreation industries",,,,,,,,,,, 
,Construction,23,,"Construction of buildings, heavy and civil engineering construction, specialty trade contractors",,,,,,,,,,, 
,Food services,72,722,"Full-services restaurants, cafeterias, caterers, and drinking establishments",,,,,,,,,,, 
,"Forestry, fishing, and hunting",11,113,Forestry and logging,,,,,,,,,,, 
,,,114,"Fishing, hunting and trapping",,,,,,,,,,, 
,,,115,"Support activities for agriculture, forestry, fishing, and hunting",,,,,,,,,,, 
,Management of businesses,55,,"Banks and other holding companies and corporate, subsidiary, and regional managing offices",,,,,,,,,,, 
,Mining,21,212,"Coal, metal ore, and non-metallic mineral mining",,,,,,,,,,, 
,,,213,Support activities for mining,,,,,,,,,,, 
,Other services,81,811,Repair and maintenance services,,,,,,,,,,, 
,,,812,Personal and laundry services ,,,,,,,,,,, 
,,,813,"Religious, grantmaking, civic, professional, and similar organizations",,,,,,,,,,, 
,Rental services,53,532,"Rental and leasing of goods such as automobiles, appliances, videos, industrial machinery",,,,,,,,,,, 
,,,533,"Lessors of non-financial intangible assets, except copyrighted works",,,,,,,,,,, 
,Social services,62,624,"Social assistance such as family, temporary shelter, vocational rehabilitation, and child day care services",,,,,,,,,,, 
,Warehousing and storage,49,493,"General, refrigerated, farm product, and other storage and warehousing",,,,,,,,,,, 
* Some sectors were divided for sampling purposes. The sub-sector and industry group codes provided above show these divisions.,,,,,,,,,,,,,,, 
,,,,,,,,,,,,,,, 
,,,,,,,,,,,,,,, 
,,,,,,,,,,,,,,, 
,,,,,,,,,,,,,,, 
