Bureau of Justice Statistics,,,,,,,,,,
Filename: cb05t11.csv,,,,,,,,,,
"Table 11. Organizations to which computer security incidents were reported, by type of incident, 2005",,,,,,,,,,
"Report Title: Cybercrime against Businesses, 2005  NCJ 221943",,,,,,,,,,
"Data Source: National Computer Security Survey, 2005",,,,,,,,,,
Author: Ramona R. Rantala,,,,,,,,,,
Refer questions to: askbjs@usdoj.gov or (202) 307-0765,,,,,,,,,,
Date of version: 9/17/08,,,,,,,,,,

"Table 11. Organizations to which computer security incidents were reported, by type of incident, 2005",,,,,,,,,,

,,,Percent of businesses reporting incidents �,,,,,,,
Type of incident,,Number of businesses,Total,,Within business,,To another organization,,To law enforcement,
,All incidents,"2,714",87,%,80,%,15,%,15,%
Cyber attack,,"2,353",86,%,81,%,14,%,6,%
,Computer virus,"2,150",87,,83,,13,,5,
,Denial of service,579,70,,57,,18,,6,
,Vandalism or sabotage,177,76,,60,,11,,14,
Cyber theft,,424,92,%,46,%,9,%,56,%
,Embezzlement,136,96,,27,,5,,72,
,Fraud,176,91,,38,,13,,63,
,Theft of intellectual property,109,88,,67,,4,,27,
,Theft of personal or financial data,127,85,,33,,9,,60,
Other computer security incidents,,952,78,%,69,%,7,%,12,%
Note: Number of businesses may sum to more than total because respondents could detect more than one type of incident. Detail may sum to more than 100% because businesses could report to more than one place. ,,,,,,,,,,
