Bureau of Justice Statistics,,,,,,,,
Filename: cb05at04.csv,,,,,,,,
"Appendix table 4. Number of computer security incidents, by risk level and industry, 2005",,,,,,,,
"Report Title: Cybercrime against Businesses, 2005  NCJ 221943",,,,,,,,
"Data Source: National Computer Security Survey, 2005",,,,,,,,
Author: Ramona R. Rantala,,,,,,,,
Refer questions to: askbjs@usdoj.gov or (202) 307-0765,,,,,,,,
Date of version: 9/17/08,,,,,,,,

"Appendix table 4. Number of computer security incidents, by risk level and industry, 2005",,,,,,,,

,,Number of businesses,,Percent of businesses that detected incidents,,,,
Risk level and industry,,Detecting incidents,Providing number of incidents,Total,,     1 incident,    2 - 9 incidents,10 or more incidents
,All businesses,"5,081","4,439",100,%,14,43,43
Critical Infrastructure,,"1,747","1,518",100,%,14,40,46
,Agriculture,72,61,100,%,18,41,41
,Chemical and drug manufacturing,140,122,100,%,12,52,36
,Computer system design,132,122,100,%,9,48,43
,Finance,211,176,100,%,15,36,48
,Health care,274,247,100,%,15,40,45
,Internet service providers,87,76,100,%,16,38,46
,Petroleum mining and manufacturing,70,63,100,%,17,38,44
,Publications and broadcasting,151,135,100,%,10,37,53
,Real estate,108,94,100,%,15,35,50
,Telecommunications,107,93,100,%,11,44,45
,Transportation/pipelines,187,163,100,%,14,39,47
,Utilities,208,166,100,%,15,40,45
High,,"1,172","1,031",100,%,10,43,47
,"Manufacturing, durable goods",360,313,100,%,9,41,50
,"Manufacturing, non-durable goods",230,197,100,%,15,45,41
,Motion picture and sound recording,56,52,100,%,15,38,46
,Retail,197,177,100,%,12,43,45
,Scientific research and development,147,131,100,%,5,47,47
,Wholesale,182,161,100,%,7,44,48
Moderate,,768,671,100,%,15,46,39
,Accounting,95,80,100,%,15,44,41
,Advertising,100,88,100,%,14,48,39
,Architecture and engineering,143,127,100,%,8,48,44
,Business and technical schools,128,114,100,%,18,49,33
,Insurance,182,151,100,%,19,43,38
,Legal services,120,111,100,%,15,43,41
Low,,"1,394","1,219",100,%,15,45,40
,Accommodations,81,73,100,%,16,42,41
,Administrative support,156,130,100,%,15,37,48
,Arts and entertainment,112,96,100,%,17,44,40
,Construction,155,132,100,%,15,49,36
,Food services,101,92,100,%,14,55,30
,"Forestry, fishing, and hunting",58,48,100,%,21,48,31
,Management of companies,110,93,100,%,22,43,35
,Mining,169,149,100,%,17,44,38
,Other services,96,87,100,%,21,48,31
,Rental services,197,174,100,%,8,44,48
,Social services,70,64,100,%,14,50,36
,Warehousing,89,81,100,%,10,42,48
Note: Detail may not sum to 100% due to rounding.,,,,,,,,
