Bureau of Justice Statistics,,,,
Filename: cb05t04.csv,,,,
"Table 4. Detailed characteristics of selected types of computer security incidents, by type, 2005",,,,
"Report Title: Cybercrime against Businesses, 2005  NCJ 221943",,,,
"Data Source: National Computer Security Survey, 2005",,,,
Author: Ramona R. Rantala,,,,
Refer questions to: askbjs@usdoj.gov or (202) 307-0765,,,,
Date of version: 9/17/08,,,,

"Table 4. Detailed characteristics of selected types of computer security incidents, by type, 2005",,,,

Incident characteristic,,,Percent of businesses,
Intellectual property,,,,
,Trade secrets,,70,%
,Copyrighted material,,47,
,Patented material,,14,
,Trademarks,,8,
,,Number of businesses*,198,
Personal or financial information,,,,
,Names or dates of birth,,60,%
,Social security numbers,,49,
,Credit card numbers,,34,
,Account or PIN numbers,,27,
,Debit or ATM card numbers,,14,
,Other,,21,
,,Number of businesses*,235,
Other computer security incidents,,,,
,Adware or other malware,,77,%
,"Spyware, keystroke logging",,58,
,Phishing or spoofing,,53,
,"Scanning, pinging or sniffing",,33,
,Hacking,,16,
,Theft of other information,,3
,Other,,8
,,Number of businesses*,"1,762"
Note: Detail may sum to more than 100% because respondents could provide more than one type. ,,,
*Based on businesses that detected an incident and provided detailed characteristics. ,,,
