Bureau of Justice Statistics,,,,,,
Filename: cb05at02.csv,,,,,,
"Appendix table 2. National Computer Security Survey universe, sample, and response, by risk level and industry, 2005",,,,,,
"Report Title: Cybercrime against Businesses, 2005  NCJ 221943",,,,,,
"Data Source: National Computer Security Survey, 2005",,,,,,
Author: Ramona R. Rantala,,,,,,
Refer questions to: askbjs@usdoj.gov or (202) 307-0765,,,,,,
Date of version: 9/17/08,,,,,,

"Appendix table 2. National Computer Security Survey universe, sample, and response, by risk level and industry, 2005",,,,,,

,,Number of businesses,,,,
Risk level and industry,,Universe,Sample,Response,Response rate,
,All businesses,"7,278,109","35,596","8,079",23,%
Critical Infrastructure,,"1,680,606","11,694","2,719",23,%
,Agriculture,"179,442",740,175,24,
,Chemical and drug manufacturing,"15,998","1,052",201,19,
,Computer system design,"80,289",932,170,18,
,Finance,"187,044","1,275",323,25,
,Health care,"577,499","1,444",423,29,
,Internet service providers,"23,874",776,135,17,
,Petroleum mining and manufacturing,"5,247",567,126,22,
,Publications and broadcasting,"63,758","1,086",218,20,
,Real estate,"352,625",949,175,18,
,Telecommunications,"26,547",821,134,16,
,Transportation/pipelines,"156,433","1,146",303,26,
,Utilities,"11,850",906,336,37,
High,,"2,074,041","7,564","1,737",23,%
,"Manufacturing, durable goods","275,319","1,859",503,27,
,"Manufacturing, non-durable goods","127,248","1,371",327,24,
,Motion picture and sound recording,"31,902",642,88,14,
,Retail,"1,005,175","1,418",316,22,
,Scientific research and development,"185,571","1,053",219,21,
,Wholesale,"448,825","1,221",284,23,
Moderate,,"774,494","5,294","1,184",22,%
,Accounting,"96,023",675,176,26,
,Advertising,"121,116",876,154,18,
,Architecture and engineering,"131,291",897,214,24,
,Business and technical schools,"51,275",756,190,25,
,Insurance,"174,108","1,243",269,22,
,Legal services,"200,680",847,181,21,
Low,,"2,748,969","11,044","2,439",22,%
,Accommodations,"60,944","1,006",143,14,
,Administrative support,"355,532","1,297",255,20,
,Arts and entertainment,"145,913",957,198,21,
,Construction,"692,084","1,103",241,22,
,Food services,"277,281","1,129",212,19,
,"Forestry, fishing, and hunting","29,132",632,152,24,
,Management of companies,"12,960",722,168,23
,Mining,"15,082",795,190,24
,Other services,"897,994","1,039",272,26
,Rental services,"62,970",793,159,20
,Social services,"180,376",967,317,33
,Warehousing,"18,701",604,132,22
