Bureau of Justice Statistics,,,,,,,,
Filename: cb05t10.csv,,,,,,,,
"Table 10. Suspected computer security offenders' affiliation with business, by type of incident, 2005",,,,,,,,
"Report Title: Cybercrime against Businesses, 2005  NCJ 221943",,,,,,,,
"Data Source: National Computer Security Survey, 2005",,,,,,,,
Author: Ramona R. Rantala,,,,,,,,
Refer questions to: askbjs@usdoj.gov or (202) 307-0765,,,,,,,,
Date of version: 9/17/08,,,,,,,,

"Table 10. Suspected computer security offenders' affiliation with business, by type of incident, 2005",,,,,,,,

,,,Percent of businesses for which the suspected offender was an�,,,,,
Type of incident,,Number of businesses,Insider,,Outsider,,Other,
,All incidents,"3,182",40,%,71,%,11,%
Cyber attack,,"2,480",27,%,74,%,10,%
,Computer virus,"2,151",25,,75,,6,
,Denial of service,547,19,,67,,18,
,Vandalism or sabotage,243,42,,56,,6,
Cyber theft,,720,74,%,32,%,8,%
,Embezzlement,212,93,,7,,#,
,Fraud,298,52,,50,,9,
,Theft of intellectual property,202,84,,20,,5,
,Theft of personal or financial data,188,68,,32,,7,
Other computer security incidents,,"1,030",30,%,72,%,8,%
"Note: Number of businesses may sum to more than total because respondents could detect more than 1 type of incident. Detail may sum to more than 100% because respondents could provide multiple suspected offender classifications. See appendix table 7 for suspected offenders, by industry.",,,,,,,,
# Percentage was suppressed to avoid disclosing information about individual businesses.,,,,,,,,
