Bureau of Justice Statistics,,,,,,,
Filename: cb05t05.csv,,,,,,,
"Table 5. Number of computer security incidents, by type of incident, 2005",,,,,,,
"Report Title: Cybercrime against Businesses, 2005  NCJ 221943",,,,,,,
"Data Source: National Computer Security Survey, 2005",,,,,,,
Author: Ramona R. Rantala,,,,,,,
Refer questions to: askbjs@usdoj.gov or (202) 307-0765,,,,,,,
Date of version: 9/17/08,,,,,,,

"Table 5. Number of computer security incidents, by type of incident, 2005",,,,,,,

,,,Percent of businesses that detected incidents,,,,
Type of incident,,Number of businesses,Total,,1 incident,2 - 9 incidents,10 or more incidents
,All incidents,"4,439",100,%,14,43,43
Cyber attack,,"3,841",100,%,17,53,30
,Computer virus,"3,404",100,%,18,54,28
,Denial of service,"1,024",100,%,26,52,23
,Vandalism or sabotage,264,100,%,57,34,8
Cyber theft,,681,100,%,47,33,20
,Embezzlement,185,100,%,64,24,12
,Fraud,289,100,%,39,29,32
,Theft of intellectual property,183,100,%,62,34,4
,Theft of personal or financial data,193,100,%,51,32,17
Other computer security incidents,,"1,400",100,%,10,24,66
"Note: Number of businesses may sum to more than total because respondents could detect more than one type of incident. Detail may not sum to 100% due to rounding. See appendix table 4 for number of incidents, by industry.",,,,,,,
