Bureau of Justice Statistics,,,,,,,,,,,
Filename: cb05at06.csv,,,,,,,,,,,
"Appendix table 6. System downtime caused by computer security incidents, by risk level and industry, 2005",,,,,,,,,,,
"Report Title: Cybercrime against Businesses, 2005  NCJ 221943",,,,,,,,,,,
"Data Source: National Computer Security Survey, 2005",,,,,,,,,,,
Author: Ramona R. Rantala,,,,,,,,,,,
Refer questions to: askbjs@usdoj.gov or (202) 307-0765,,,,,,,,,,,
Date of version: 9/17/08,,,,,,,,,,,

"Appendix table 6. System downtime caused by computer security incidents, by risk level and industry, 2005",,,,,,,,,,,

,,,Downtime (in hours)*,,,,Percent of businesses with downtime,,,,
Risk level and industry,,Number of businesses,Total,,Median,,Total,,1 - 4 hours,5 - 24 hours,25 hours or longer
,All businesses,"2,158","323,900",hrs,16,hrs,100,%,23,37,40
Critical Infrastructure,,708,"152,200",hrs,15,hrs,100,%,23,37,40
,Agriculture,26,"1,200",,11,,100,%,31,23,46
,Chemical and drug manufacturing,48,"2,600",,17,,100,%,25,42,33
,Computer system design,61,"8,500",,16,,100,%,21,38,41
,Finance,76,"11,900",,12,,100,%,24,38,38
,Health care,137,"34,800",,15,,100,%,18,43,39
,Internet service providers,33,#,,14,,100,%,27,36,36
,Petroleum mining and manufacturing,23,"1,300",,10,,100,%,26,43,30
,Publications and broadcasting,53,"5,600",,20,,100,%,26,26,47
,Real estate,46,#,,20,,100,%,22,39,39
,Telecommunications,47,"4,600",,20,,100,%,19,34,47
,Transportation/pipelines,82,#,,14,,100,%,24,35,40
,Utilities,76,#,,12,,100,%,26,37,37
High,,511,"75,000",hrs,22,hrs,100,%,19,35,46
,"Manufacturing, durable goods",162,"26,900",,32,,100,%,14,31,56
,"Manufacturing, non-durable goods",95,"15,400",,12,,100,%,26,37,37
,Motion picture and sound recording,24,"1,600",,21,,100,%,21,38,42
,Retail,83,"8,700",,22,,100,%,24,34,42
,Scientific research and development,70,"5,000",,20,,100,%,23,34,43
,Wholesale,77,"17,600",,20,,100,%,13,43,44
Moderate,,312,"39,500",hrs,12,hrs,100,%,27,36,38
,Accounting,35,700,,9,,100,%,34,37,29
,Advertising,39,"1,200",,10,,100,%,18,56,26
,Architecture and engineering,60,"10,300",,11,,100,%,18,42,40
,Business and technical schools,55,"3,200",,24,,100,%,29,25,45
,Insurance,75,"20,100",,13,,100,%,27,32,41
,Legal services,48,"3,900",,11,,100,%,38,27,35
Low,,627,"57,200",hrs,15,hrs,100,%,23,40,37
,Accommodations,39,"3,700",,24,,100,%,18,36,46
,Administrative support,69,#,,16,,100,%,22,41,38
,Arts and entertainment,49,"2,600",,16,,100,%,22,41,37
,Construction,59,"3,400",,12,,100,%,31,29,41
,Food services,48,"2,400",,11,,100,%,29,38,33
,"Forestry, fishing, and hunting",16,900,,21,,100,%,19,31,50
,Management of companies,40,"1,800",,14,,100,%,20,45,35
,Mining,49,#,,11,,100,%,22,45,33
,Other services,91,"15,700",,10,,100,%,26,44,30
,Rental services,43,"1,600",,12,,100,%,21,49,30
,Social services,99,"8,100",,20,,100,%,20,33,46
,Warehousing,25,900,,16,,100,%,16,48,36
Note: 254 businesses sustained no downtime. These were excluded to avoid disclosing information about individual businesses. The percentage of businesses sustaining no downtime varied by industry and ranged from 4% to 18%. Downtime information was not collected for incidents of cyber theft. Detail may not sum to 100% due to rounding.,,,,,,,,,,,
*Total and median downtime hours exclude three outliers and the values of some cells are suppressed (#) to avoid disclosing information about individual businesses.,,,,,,,,,,,
