Bureau of Justice Statistics,,,,,,,,,,,
Filename: cb05t08.csv,,,,,,,,,,,
"Table 8. Number of computer security incidents and amount of monetary loss and system downtime, by type of incident, 2005",,,,,,,,,,,
"Report Title: Cybercrime against Businesses, 2005  NCJ 221943",,,,,,,,,,,
"Data Source: National Computer Security Survey, 2005",,,,,,,,,,,
Author: Ramona R. Rantala,,,,,,,,,,,
Refer questions to: askbjs@usdoj.gov or (202) 307-0765,,,,,,,,,,,
Date of version: 9/17/08,,,,,,,,,,,

"Table 8. Number of computer security incidents and amount of monetary loss and system downtime, by type of incident, 2005",,,,,,,,,,,

,,,,Monetary loss,,,,,,,
,,Number of incidents,,(in thousands),,,,Downtime,,,
Type of incident,,Total,Median,Total,,Median,,Total,,Median,
,All incidents,"22,138,250",6,$,"866,600",$,6,"323,900",hrs,16,hrs
Cyber attack,,"1,582,913",4,$,"313,900",$,5,"219,600",hrs,12,hrs
,Computer virus,"1,460,242",3,,"280,700",,5,"193,000",,12,
,Denial of service,"121,652",3,,"21,100",,5,"19,200",,7,
,Vandalism or sabotage,"1,019",1,,"12,200",,5,"7,300",,10,
Cyber theft,,"130,970",2,$,"450,000",$,29,,,,
,Embezzlement,"1,565",1,,"158,700",,50,,,,
,Fraud,"125,510",3,,"103,100",,20,,,,
,Theft of intellectual property,607,1,,"159,400",,43,,,,
,Theft of personal or financial data,"3,288",1,,"28,800",,20,,,,
Other computer security incidents,,"20,424,367",20,$,"102,700",$,5,"104,300",hrs,23,hrs
Number of Businesses,,"4,433",,,"3,247",,,"2,157",,,
"Note: Downtime information was not collected for incidents of cyber theft. For specific types of incidents, data were suppressed to ensure confidentiality and accuracy. For number of incidents, six responses were excluded; for monetary loss, six responses were excluded; and for system downtime, three responses were excluded.",,,,,,,,,,,
