Bureau of Justice Statistics,,,,,,,,
Filename: cb05t07.csv,,,,,,,,
"Table 7. System downtime caused by computer security incidents, by type of incident, 2005",,,,,,,,
"Report Title: Cybercrime against Businesses, 2005  NCJ 221943",,,,,,,,
"Data Source: National Computer Security Survey, 2005",,,,,,,,
Author: Ramona R. Rantala,,,,,,,,
Refer questions to: askbjs@usdoj.gov or (202) 307-0765,,,,,,,,
Date of version: 9/17/08,,,,,,,,

"Table 7. System downtime caused by computer security incidents, by type of incident, 2005",,,,,,,,

,,,Percent of businesses with system downtime,,,,,
Type of incident,,Number of businesses,Total,,None,1-4 hours,5 - 24 hours,25 hours or longer
,All incidents,2412,100,%,11,20,33,36
,,2150,100,%,8,24,36,32
Cyber attack,Computer virus,1952,100,%,9,24,37,30
,Denial of service,505,100,%,8,36,37,19
,Vandalism or sabotage,160,100,%,27,24,27,22
Other computer security incidents,,817,100,%,32,11,25,32
Note: Number of businesses may sum to more than total because respondents could detect more than one type of incident. See appendix table 6 for system downtime by industry.,,,,,,,,
