Bureau of Justice Statistics,,,,,,,,,,,
Filename: cb05t13.csv,,,,,,,,,,,
"Table 13. Networks most frequently accessed in computer security incidents, by type of incident, 2005",,,,,,,,,,,
"Report Title: Cybercrime against Businesses, 2005  NCJ 221943",,,,,,,,,,,
"Data Source: National Computer Security Survey, 2005",,,,,,,,,,,
Author: Ramona R. Rantala,,,,,,,,,,,
Refer questions to: askbjs@usdoj.gov or (202) 307-0765,,,,,,,,,,,
Date of version: 9/17/08,,,,,,,,,,,

"Table 13. Networks most frequently accessed in computer security incidents, by type of incident, 2005",,,,,,,,,,,

,,Percent of businesses for which accessed system or network was�,,,,,,,,,
Type of incident,,Total,,Internet,,Local area network,,Wide area network,,Business laptop,
,All incidents,100,%,56,%,55,%,31,%,30,%
Cyber attack/a,,42,,64,,46,,33,,10,
Cyber theft,,24,,39,,57,,26,,20,
Other,,57,,50,,53,,28,,38
,Number of businesses/b,"1,586",,"1,509",,"1,545",,"1,191",,"1,424"
Note: Detail may sum to more than 100% because incidents could involve multiple networks. ,,,,,,,,,,
a/Includes incidents of denial of service and vandalism or sabotage only.,,,,,,,,,,
b/Based on businesses that detected an incident and used the given system.,,,,,,,,,,
