Bureau of Justice Statistics,,,,,,,,
Filename: cb05t15.csv,,,,,,,,
"Table 15. Most frequent computer security vulnerabilities, by type of incident, 2005",,,,,,,,
"Report Title: Cybercrime against Businesses, 2005  NCJ 221943",,,,,,,,
"Data Source: National Computer Security Survey, 2005",,,,,,,,
Author: Ramona R. Rantala,,,,,,,,
Refer questions to: askbjs@usdoj.gov or (202) 307-0765,,,,,,,,
Date of version: 9/17/08,,,,,,,,

"Table 15. Most frequent computer security vulnerabilities, by type of incident, 2005",,,,,,,,

,Type of incident,,,,,,,
Inadequate security measure,All ,,Cyber attack,,Cyber theft,,Other,
Anti-virus software,62,%,66,%,10,%,38,%
Anti-spyware/anti-adware,47,,36,,10,,62,
Internal controls,31,,28,,29,,24,
E-mail logs and filters,27,,24,,10,,27
Firewall,26,,25,,9,,22
Personnel Policy,24,,19,,34,,22
Misuse of authorized access,18,,11,,46,,15
Number of businesses*,"4,525",,"3,899",,718,,"1,544"
Note: Number of businesses may sum to more than total because businesses could detect more than one type of incident. Detail may sum to more than 100% because respondents could provide multiple vulnerabilities.,,,,,,,
*Represents the number of businesses that detected incidents and provided information on security inadequacies.,,,,,,,
