Bureau of Justice Statistics,,,,,,,,,
Filename: cb05t14.csv,,,,,,,,,
"Table 14. Sources of computer viruses, by business size, 2005",,,,,,,,,
"Report Title: Cybercrime against Businesses, 2005  NCJ 221943",,,,,,,,,
"Data Source: National Computer Security Survey, 2005",,,,,,,,,
Author: Ramona R. Rantala,,,,,,,,,
Refer questions to: askbjs@usdoj.gov or (202) 307-0765,,,,,,,,,
Date of version: 9/17/08,,,,,,,,,

"Table 14. Sources of computer viruses, by business size, 2005",,,,,,,,,

,,Percent of businesses for which source of virus was�,,,,,,,
Number of employees,Number of businesses,E-mail attachment,,Internet download,,Portable media,,Other,
All businesses,"1,995",77,%,61,%,27,%,18,%
25 - 99,301,83,,61,,14,,13,
100 - 999,"1,012",80,,62,,24,,15,
"1,000 or more",682,72,,60,,37,,25
Note: Detail may sum to more than 100% because respondents could provide more than one virus source. Businesses with fewer than 25 employees were not asked about virus sources.,,,,,,,,
