Bureau of Justice Statistics,,,,,,,,
Filename: cb05t06.csv,,,,,,,,
"Table 6. Monetary loss incurred from computer security incidents, by type of incident, 2005",,,,,,,,
"Report Title: Cybercrime against Businesses, 2005  NCJ 221943",,,,,,,,
"Data Source: National Computer Security Survey, 2005",,,,,,,,
Author: Ramona R. Rantala,,,,,,,,
Refer questions to: askbjs@usdoj.gov or (202) 307-0765,,,,,,,,
Date of version: 9/17/08,,,,,,,,

"Table 6. Monetary loss incurred from computer security incidents, by type of incident, 2005",,,,,,,,

,,,Percent of businesses with monetary loss,,,,,
Type of incident,,Number of businesses,Total,,No loss,"$1,000-$9,000 ","$10,000-$99,000 ","$100,000 or more"
,All incidents,3591,100,%,10,51,27,13
Cyber attack,,3072,100,%,9,57,25,9
,Computer virus,2779,100,%,7,60,24,9
,Denial of service,697,100,%,19,52,23,6
,Vandalism or sabotage,220,100,%,11,59,21,9
Cyber theft,,542,100,%,6,26,38,30
,Embezzlement,160,100,%,4,19,44,33
,Fraud,237,100,%,7,32,36,24
,Theft of intellectual property,133,100,%,9,17,36,38
,Theft of personal or financial data,141,100,%,11,31,29,29
Other computer security incidents,,1165,100,%,20,49,25,7
"Note: Number of businesses may sum to more than total because respondents could detect more than one type of incident. Detail may not sum to 100% due to rounding. See appendix table 5 for monetary loss, by industry.",,,,,,,,
